,Suburb,1st Most Common Venue,2nd Most Common Venue,3rd Most Common Venue,4th Most Common Venue,5th Most Common Venue,6th Most Common Venue,7th Most Common Venue,8th Most Common Venue,9th Most Common Venue,10th Most Common Venue
0,"Abbotsford, Victoria",Café,Bus Stop,Pub,Farmers Market,Farm,Gastropub,Scenic Lookout,Greek Restaurant,Grocery Store,Thrift / Vintage Store
1,"Aberfeldie, Victoria",Café,Grocery Store,Spa,Food & Drink Shop,Coffee Shop,Zoo Exhibit,Field,Film Studio,Fish & Chips Shop,Fish Market
2,"Aintree, Victoria",Furniture / Home Store,Playground,Fried Chicken Joint,French Restaurant,Fast Food Restaurant,Field,Film Studio,Fish & Chips Shop,Fish Market,Fishing Spot
3,"Airport West, Victoria",Dessert Shop,Rental Car Location,Café,Farmers Market,Forest,Football Stadium,Food Truck,Food Court,Food & Drink Shop,Food
4,"Albanvale, Victoria",Spa,Sushi Restaurant,Thai Restaurant,Hotel,Zoo Exhibit,Flea Market,Fast Food Restaurant,Field,Film Studio,Fish & Chips Shop
5,"Albert Park, Victoria",Pub,Convenience Store,Zoo Exhibit,Flower Shop,Fast Food Restaurant,Field,Film Studio,Fish & Chips Shop,Fish Market,Fishing Spot
6,"Albion, Victoria",Trail,Garden Center,Restaurant,Motel,Zoo Exhibit,Flea Market,Fast Food Restaurant,Field,Film Studio,Fish & Chips Shop
7,"Alphington, Victoria",Pizza Place,Convenience Store,Sandwich Place,Clothing Store,Athletics & Sports,Japanese Restaurant,Shoe Store,Pool,Farm,Farmers Market
8,"Altona Meadows, Victoria",Bakery,Café,Fast Food Restaurant,Pharmacy,Supermarket,Skate Park,Shopping Mall,Thai Restaurant,Grocery Store,Sandwich Place
9,"Altona North, Victoria",Supermarket,Fast Food Restaurant,Portuguese Restaurant,Electronics Store,Auto Garage,Shop & Service,Thai Restaurant,Park,Grocery Store,Gym / Fitness Center
10,"Altona, Victoria",Park,Train Station,Pizza Place,Bar,Construction & Landscaping,Burger Joint,Golf Course,Shopping Mall,Fish & Chips Shop,Gym
11,"Armadale, Victoria",Café,Convenience Store,Grocery Store,Park,Train Station,Light Rail Station,Pub,Liquor Store,Pharmacy,Chinese Restaurant
12,"Ascot Vale, Victoria",Café,Supermarket,Japanese Restaurant,Bakery,Greek Restaurant,Coffee Shop,Department Store,Sports Bar,Breakfast Spot,Burger Joint
13,"Ashwood, Victoria",Café,Pharmacy,Italian Restaurant,Park,Thai Restaurant,Sandwich Place,Liquor Store,Fish & Chips Shop,Hockey Field,Fast Food Restaurant
14,"Aspendale Gardens, Victoria",Pharmacy,Gas Station,Home Service,Grocery Store,Zoo Exhibit,Fishing Spot,Fast Food Restaurant,Field,Film Studio,Fish & Chips Shop
15,"Aspendale, Victoria",Health & Beauty Service,Print Shop,Beach,Fish & Chips Shop,Flea Market,Fast Food Restaurant,Field,Film Studio,Fish Market,Fishing Spot
16,"Attwood, Victoria",Scenic Lookout,Flower Shop,Basketball Court,Garden Center,Playground,Fishing Spot,Fast Food Restaurant,Field,Film Studio,Fish & Chips Shop
17,Balwyn North,Tennis Court,Park,Dessert Shop,Asian Restaurant,Malay Restaurant,Liquor Store,Café,Chinese Restaurant,Bus Station,Indian Restaurant
18,"Balwyn, Victoria",Gym / Fitness Center,Construction & Landscaping,Pizza Place,Salon / Barbershop,Fishing Spot,Farmers Market,Fast Food Restaurant,Field,Film Studio,Fish & Chips Shop
19,"Bayswater North, Victoria",Video Store,Track,Fast Food Restaurant,American Restaurant,Grocery Store,Zoo Exhibit,Field,Film Studio,Fish & Chips Shop,Fish Market
20,"Bayswater, Victoria",Supermarket,Fast Food Restaurant,Gas Station,Park,Bus Stop,Vietnamese Restaurant,Grocery Store,Dumpling Restaurant,Thai Restaurant,Golf Course
21,"Beaconsfield, Victoria",Café,Park,Mexican Restaurant,Steakhouse,Supermarket,Sandwich Place,Athletics & Sports,Flea Market,Field,Film Studio
22,"Beaumaris, Victoria",Basketball Court,Golf Course,Café,Gym,Fast Food Restaurant,Film Studio,Fish & Chips Shop,Fish Market,Fishing Spot,Flea Market
23,"Belgrave Heights, Victoria",Music Venue,Vietnamese Restaurant,Business Service,Café,Theater,Nature Preserve,Doctor's Office,Dog Run,Discount Store,Fish Market
24,"Belgrave South, Victoria",Bakery,Botanical Garden,Campground,Brewery,French Restaurant,Frozen Yogurt Shop,Field,Film Studio,Fish & Chips Shop,Fish Market
25,"Belgrave, Victoria",Pub,Café,Zoo Exhibit,Flea Market,Fast Food Restaurant,Field,Film Studio,Fish & Chips Shop,Fish Market,Fishing Spot
26,"Bellfield, Victoria",Brewery,Gas Station,Park,Outlet Store,Pharmacy,Sandwich Place,Electronics Store,Shopping Mall,Café,Food Court
27,"Bentleigh East, Victoria",Café,Bakery,Seafood Restaurant,Gym / Fitness Center,Playground,Fast Food Restaurant,Field,Film Studio,Fish & Chips Shop,Fish Market
28,"Bentleigh, Victoria",Café,Pizza Place,Train Station,Supermarket,Thai Restaurant,Bakery,Department Store,Bus Station,Mexican Restaurant,Chinese Restaurant
29,"Berwick, Victoria",Café,Japanese Restaurant,Garden,Supermarket,Restaurant,Home Service,Zoo Exhibit,Fishing Spot,Fast Food Restaurant,Field
30,"Bittern, Victoria",Flea Market,Train Station,Restaurant,Grocery Store,Fishing Spot,Farmers Market,Fast Food Restaurant,Field,Film Studio,Fish & Chips Shop
31,"Black Rock, Victoria",Beach,Café,Pier,Harbor / Marina,Thai Restaurant,Scenic Lookout,Tennis Court,Fish Market,Field,Film Studio
32,"Blackburn North, Victoria",Hotel,Café,Gym,Badminton Court,Pizza Place,Park,Bus Station,Food & Drink Shop,Food,Flower Shop
33,"Blackburn South, Victoria",Thai Restaurant,Gym / Fitness Center,Pet Store,Sporting Goods Shop,Pool Hall,Soccer Field,Café,Chinese Restaurant,Gym,Paper / Office Supplies Store
34,"Blackburn, Victoria",Café,Sandwich Place,Supermarket,Grocery Store,Park,Shopping Mall,Bakery,Pet Store,Liquor Store,Coffee Shop
35,"Blairgowrie, Victoria",Harbor / Marina,Café,Surf Spot,Grocery Store,Pizza Place,Seafood Restaurant,Australian Restaurant,Hotel,Convenience Store,Beach
36,"Boronia, Victoria",Department Store,Massage Studio,Hobby Shop,Clothing Store,Business Service,Fishing Spot,Fast Food Restaurant,Field,Film Studio,Fish & Chips Shop
37,"Box Hill North, Victoria",Park,Zoo Exhibit,Flower Shop,Field,Film Studio,Fish & Chips Shop,Fish Market,Fishing Spot,Flea Market,Food
38,"Box Hill South, Victoria",Café,Golf Course,Baseball Field,Restaurant,Supermarket,Gourmet Shop,Thai Restaurant,Gym / Fitness Center,Park,Light Rail Station
39,"Box Hill, Victoria",Asian Restaurant,Chinese Restaurant,Café,Dumpling Restaurant,Korean Restaurant,Vietnamese Restaurant,Grocery Store,Coffee Shop,Bubble Tea Shop,Fried Chicken Joint
40,"Braybrook, Victoria",Vietnamese Restaurant,Grocery Store,Italian Restaurant,Convenience Store,Restaurant,Pizza Place,Park,Fast Food Restaurant,Sporting Goods Shop,Furniture / Home Store
41,"Briar Hill, Victoria",Café,Supermarket,Fast Food Restaurant,Middle Eastern Restaurant,Video Game Store,Bus Station,Park,Greek Restaurant,Bookstore,Electronics Store
42,"Brighton East, Victoria",Café,Convenience Store,Coffee Shop,Grocery Store,Pizza Place,Rental Car Location,Greek Restaurant,Lounge,Thai Restaurant,Malay Restaurant
43,"Brighton, Victoria",Park,Scenic Lookout,Dog Run,Café,Fishing Spot,Fast Food Restaurant,Field,Film Studio,Fish & Chips Shop,Fish Market
44,"Broadmeadows, Victoria",Fast Food Restaurant,Department Store,Café,Supermarket,Pizza Place,Sandwich Place,Pool,Electronics Store,Food Court,Movie Theater
45,"Brookfield, Victoria",Gym,Zoo Exhibit,Flea Market,Fast Food Restaurant,Field,Film Studio,Fish & Chips Shop,Fish Market,Fishing Spot,Flower Shop
46,"Brooklyn, Victoria",Park,Sporting Goods Shop,Photography Studio,Liquor Store,Business Service,Fish Market,Farmers Market,Fast Food Restaurant,Field,Film Studio
47,"Brunswick East, Victoria",Café,Bar,Grocery Store,Pizza Place,Bakery,Thai Restaurant,Italian Restaurant,Clothing Store,Cocktail Bar,Lebanese Restaurant
48,"Brunswick West, Victoria",Playground,Dog Run,Café,Flower Shop,Field,Film Studio,Fish & Chips Shop,Fish Market,Fishing Spot,Flea Market
49,"Brunswick, Victoria",Café,Light Rail Station,Italian Restaurant,Fish & Chips Shop,Gym / Fitness Center,Nightclub,Soccer Field,Gas Station,Supermarket,Fast Food Restaurant
50,"Bundoora, Victoria",Park,Stables,Miscellaneous Shop,Seafood Restaurant,Food Truck,Food Court,Food & Drink Shop,Food,Flower Shop,Flea Market
51,"Burnley, Victoria",Café,Pub,Sandwich Place,Japanese Restaurant,Gym,Thai Restaurant,Vietnamese Restaurant,Convenience Store,Fast Food Restaurant,Breakfast Spot
52,"Burnside Heights, Victoria",Shopping Mall,Supermarket,Fish & Chips Shop,Pizza Place,Fishing Spot,Farmers Market,Fast Food Restaurant,Field,Film Studio,Fish Market
53,"Burnside, Victoria",Child Care Service,Home Service,Lake,Vape Store,Athletics & Sports,Fishing Spot,Farmers Market,Fast Food Restaurant,Field,Film Studio
54,"Burwood East, Victoria",Supermarket,Frozen Yogurt Shop,Light Rail Station,Bakery,Gym,Grocery Store,Mobile Phone Shop,Sushi Restaurant,Burger Joint,Café
55,"Burwood, Victoria",Café,Light Rail Station,Coffee Shop,Gym,Japanese Restaurant,Pie Shop,Bus Station,Gas Station,Supermarket,Grocery Store
56,"Cairnlea, Victoria",Fast Food Restaurant,Bakery,Video Game Store,Supermarket,Big Box Store,Breakfast Spot,Portuguese Restaurant,Doctor's Office,Film Studio,Fish Market
57,"Calder Park, Victoria",Fast Food Restaurant,Gas Station,Sandwich Place,Café,Racetrack,Fishing Spot,Field,Film Studio,Fish & Chips Shop,Fish Market
58,"Camberwell, Victoria",Café,Thai Restaurant,Park,Bakery,Train Station,Supermarket,Martial Arts Dojo,Big Box Store,Pharmacy,Tennis Court
59,"Campbellfield, Victoria",Bakery,Asian Restaurant,Middle Eastern Restaurant,Fish & Chips Shop,Train Station,Smoke Shop,Café,Restaurant,Pizza Place,Flower Shop
60,"Canterbury, Victoria",Café,Park,Convenience Store,Gym,Train,Light Rail Station,Seafood Restaurant,Food,Flower Shop,Flea Market
61,"Capel Sound, Victoria",Café,Italian Restaurant,Beach,Fish & Chips Shop,Zoo Exhibit,Field,Film Studio,Fish Market,Fishing Spot,Flea Market
62,"Carlton North, Victoria",Café,Light Rail Station,Restaurant,Breakfast Spot,Park,Soccer Field,Flower Shop,Gastropub,Sushi Restaurant,Grocery Store
63,"Carlton, Victoria",Café,Coffee Shop,Italian Restaurant,Pizza Place,Pub,Ice Cream Shop,French Restaurant,Burger Joint,Light Rail Station,Vegetarian / Vegan Restaurant
64,"Carnegie, Victoria",Supermarket,Thai Restaurant,Breakfast Spot,Vietnamese Restaurant,Shopping Mall,Field,Sandwich Place,Dumpling Restaurant,Ramen Restaurant,Paper / Office Supplies Store
65,"Caroline Springs, Victoria",Supermarket,Thai Restaurant,Hotel,Fast Food Restaurant,Shopping Mall,Big Box Store,Sandwich Place,BBQ Joint,Coffee Shop,Café
66,"Carrum Downs, Victoria",Grocery Store,Indian Restaurant,Thrift / Vintage Store,Gas Station,South Indian Restaurant,Electronics Store,Australian Restaurant,Rock Climbing Spot,Fish Market,Farmers Market
67,"Carrum, Victoria",Beach,Deli / Bodega,Train Station,BBQ Joint,River,Fishing Spot,Fast Food Restaurant,Field,Film Studio,Fish & Chips Shop
68,"Caulfield East, Victoria",Café,Chinese Restaurant,Coffee Shop,Dumpling Restaurant,Train Station,Elementary School,Taco Place,Park,Flower Shop,Food
69,"Caulfield North, Victoria",Café,Chinese Restaurant,Japanese Restaurant,Steakhouse,Thai Restaurant,Athletics & Sports,Zoo Exhibit,Flea Market,Film Studio,Fish & Chips Shop
70,"Chelsea Heights, Victoria",Fast Food Restaurant,Bar,Pizza Place,Martial Arts Dojo,Gym,Bakery,Liquor Store,Sandwich Place,Outdoor Supply Store,Seafood Restaurant
71,"Chelsea, Victoria",Hotel Bar,Zoo Exhibit,Falafel Restaurant,Farmers Market,Fast Food Restaurant,Field,Film Studio,Fish & Chips Shop,Fish Market,Fishing Spot
72,"Cheltenham, Victoria",Electronics Store,Miscellaneous Shop,Pharmacy,Gastropub,Grocery Store,Asian Restaurant,Pizza Place,Zoo Exhibit,Fishing Spot,Film Studio
73,"Chirnside Park, Victoria",Fast Food Restaurant,Department Store,Portuguese Restaurant,Convenience Store,Supermarket,Big Box Store,Restaurant,Movie Theater,Sandwich Place,Coffee Shop
74,"Clarinda, Victoria",Park,BBQ Joint,Pizza Place,Farm,Zoo Exhibit,Fishing Spot,Fast Food Restaurant,Field,Film Studio,Fish & Chips Shop
75,"Clayton South, Victoria",Sandwich Place,Indonesian Restaurant,Pie Shop,Park,Burger Joint,Thai Restaurant,Gas Station,Pharmacy,Korean Restaurant,Vietnamese Restaurant
76,"Clayton, Victoria",Café,Grocery Store,Park,Gym / Fitness Center,Gym,Fried Chicken Joint,Food & Drink Shop,Food,Flower Shop,Flea Market
77,Cobblebank,Racetrack,Home Service,Golf Course,Farm,Fast Food Restaurant,Field,Film Studio,Fish & Chips Shop,Fish Market,Fishing Spot
78,"Coburg North, Victoria",Shopping Mall,Video Store,Supermarket,Train Station,Café,Zoo Exhibit,Fast Food Restaurant,Field,Film Studio,Fish & Chips Shop
79,"Coburg, Victoria",Café,Grocery Store,Pizza Place,Market,Shopping Mall,Sporting Goods Shop,Paper / Office Supplies Store,Bakery,Park,Fast Food Restaurant
80,"Collingwood, Victoria",Cocktail Bar,Bar,Italian Restaurant,Beer Bar,Portuguese Restaurant,Grocery Store,Ice Cream Shop,Fishing Spot,Fast Food Restaurant,Field
81,"Craigieburn, Victoria",Italian Restaurant,Fast Food Restaurant,Café,Supermarket,Shopping Mall,Chinese Restaurant,Seafood Restaurant,Sandwich Place,Health & Beauty Service,Electronics Store
82,"Cranbourne East, Victoria",Bakery,Supermarket,Doctor's Office,Spa,Flower Shop,Fast Food Restaurant,Field,Film Studio,Fish & Chips Shop,Fish Market
83,"Cranbourne North, Victoria",Construction & Landscaping,Golf Course,Fast Food Restaurant,Park,Flea Market,Field,Film Studio,Fish & Chips Shop,Fish Market,Fishing Spot
84,"Cranbourne West, Victoria",Fast Food Restaurant,Supermarket,Gas Station,Miscellaneous Shop,Food,Smoke Shop,Fishing Spot,Field,Film Studio,Fish & Chips Shop
85,"Cranbourne, Victoria",Fast Food Restaurant,Train Station,Supermarket,Gas Station,Miscellaneous Shop,Food,Smoke Shop,Fishing Spot,Field,Film Studio
86,"Crib Point, Victoria",Train Station,Pool,Fish & Chips Shop,Roof Deck,Zoo Exhibit,Fishing Spot,Farmers Market,Fast Food Restaurant,Field,Film Studio
87,"Croydon Hills, Victoria",Home Service,Wedding Hall,Zoo Exhibit,Flea Market,Farmers Market,Fast Food Restaurant,Field,Film Studio,Fish & Chips Shop,Fish Market
88,"Croydon North, Victoria",Pizza Place,Bakery,Burger Joint,Supermarket,Construction & Landscaping,Thai Restaurant,Flower Shop,Film Studio,Fish & Chips Shop,Fish Market
89,"Croydon South, Victoria",Trail,Greek Restaurant,Farm,Farmers Market,Fast Food Restaurant,Field,Film Studio,Fish & Chips Shop,Fish Market,Fishing Spot
90,"Croydon, Victoria",Café,Fast Food Restaurant,Grocery Store,Theater,Beer Garden,Pizza Place,Shopping Mall,Food,Flower Shop,Flea Market
91,"Dallas, Victoria",Pizza Place,Pub,Fried Chicken Joint,Grocery Store,Turkish Restaurant,Zoo Exhibit,Fast Food Restaurant,Field,Film Studio,Fish & Chips Shop
92,"Dandenong North, Victoria",Health & Beauty Service,Soccer Field,Fried Chicken Joint,Fast Food Restaurant,Kebab Restaurant,Bus Station,Pizza Place,Field,Film Studio,Fish & Chips Shop
93,"Dandenong South, Victoria",Café,Post Office,Outdoor Sculpture,Moving Target,Gas Station,Soccer Field,Dry Cleaner,Sandwich Place,Electronics Store,Zoo Exhibit
94,"Dandenong, Victoria",Racetrack,Sculpture Garden,Deli / Bodega,Music Venue,Fish & Chips Shop,Fast Food Restaurant,Bakery,Sri Lankan Restaurant,Doctor's Office,Food
95,"Deepdene, Victoria",Café,Wine Shop,Grocery Store,Zoo Exhibit,Flea Market,Field,Film Studio,Fish & Chips Shop,Fish Market,Fishing Spot
96,"Deer Park, Victoria",Market,Tourist Information Center,Department Store,Discount Store,Supermarket,Athletics & Sports,Liquor Store,Zoo Exhibit,Flea Market,Field
97,"Delahey, Victoria",Bookstore,Vegetarian / Vegan Restaurant,Playground,Zoo Exhibit,Flea Market,Fast Food Restaurant,Field,Film Studio,Fish & Chips Shop,Fish Market
98,"Derrimut, Victoria",Park,Grocery Store,Chinese Restaurant,Portuguese Restaurant,Supermarket,Pharmacy,Gym,Café,Fish & Chips Shop,Farmers Market
99,"Diamond Creek, Victoria",Shopping Mall,Grocery Store,Pub,Fish & Chips Shop,Gym,Train Station,Fast Food Restaurant,Café,Other Great Outdoors,Flea Market
100,"Diggers Rest, Victoria",Airport,Moving Target,Construction & Landscaping,Vineyard,Zoo Exhibit,Flower Shop,Fast Food Restaurant,Field,Film Studio,Fish & Chips Shop
101,"Dingley Village, Victoria",Fast Food Restaurant,Convenience Store,Gym / Fitness Center,Paintball Field,Electronics Store,Sandwich Place,Pizza Place,Fish & Chips Shop,Farmers Market,Field
102,"Docklands, Victoria",Café,Juice Bar,Chinese Restaurant,Gift Shop,Dessert Shop,Middle Eastern Restaurant,Steakhouse,Greek Restaurant,Ramen Restaurant,Light Rail Station
103,"Doncaster East, Victoria",Playground,Ice Cream Shop,Tennis Court,Park,Food Truck,Fish Market,Farmers Market,Fast Food Restaurant,Field,Film Studio
104,"Doncaster, Victoria",Café,Massage Studio,Grocery Store,Fast Food Restaurant,Shopping Mall,Liquor Store,Gym / Fitness Center,Pizza Place,Supermarket,Italian Restaurant
105,"Donvale, Victoria",Fast Food Restaurant,Japanese Restaurant,Thai Restaurant,Supermarket,Dim Sum Restaurant,Shopping Mall,General Entertainment,Sushi Restaurant,Malay Restaurant,Liquor Store
106,"Doreen, Victoria",Fast Food Restaurant,Café,Furniture / Home Store,Indian Restaurant,Gym,Park,Supermarket,Food Truck,Food Court,Food & Drink Shop
107,"Dromana, Victoria",Café,Beach,Pizza Place,Middle Eastern Restaurant,Grocery Store,Fried Chicken Joint,Tapas Restaurant,Scenic Lookout,Liquor Store,Garden
108,"Eaglemont, Victoria",Café,Fast Food Restaurant,Gas Station,Indian Restaurant,Flower Shop,Field,Film Studio,Fish & Chips Shop,Fish Market,Fishing Spot
109,"East Melbourne, Victoria",Japanese Restaurant,Supermarket,Butcher,Flower Shop,Field,Film Studio,Fish & Chips Shop,Fish Market,Fishing Spot,Flea Market
110,"Edithvale, Victoria",Café,Beach,Train Station,Mexican Restaurant,Burger Joint,Thai Restaurant,Gas Station,Supermarket,Pizza Place,Grocery Store
111,"Elsternwick, Victoria",History Museum,Indie Movie Theater,Bar,Zoo Exhibit,Fishing Spot,Farmers Market,Fast Food Restaurant,Field,Film Studio,Fish & Chips Shop
112,"Eltham, Victoria",Soccer Field,Pet Store,Playground,Farm,Zoo Exhibit,Fishing Spot,Fast Food Restaurant,Field,Film Studio,Fish & Chips Shop
113,"Elwood, Victoria",Café,Beach,Thai Restaurant,Pizza Place,Bakery,Restaurant,Convenience Store,Fish & Chips Shop,Bar,Harbor / Marina
114,"Emerald, Victoria",Train Station,Australian Restaurant,Café,Bar,Supermarket,Bakery,Grocery Store,Park,Food & Drink Shop,Food
115,"Endeavour Hills, Victoria",Convenience Store,Auto Garage,Soccer Field,Golf Course,Zoo Exhibit,Flea Market,Field,Film Studio,Fish & Chips Shop,Fish Market
116,"Epping, Victoria",Café,Furniture / Home Store,Italian Restaurant,Fast Food Restaurant,Food Court,Construction & Landscaping,Flea Market,Field,Film Studio,Fish & Chips Shop
117,"Essendon Fields, Victoria",Café,Rental Car Location,Electronics Store,Auto Dealership,Baseball Field,Recreation Center,Food Truck,Farmers Market,Fast Food Restaurant,Field
118,"Essendon North, Victoria",Clothing Store,Bakery,Café,Seafood Restaurant,Deli / Bodega,Thai Restaurant,Grocery Store,Furniture / Home Store,Fast Food Restaurant,Sandwich Place
119,"Essendon West, Victoria",Café,Gym,Pharmacy,Grocery Store,Convenience Store,Pizza Place,Zoo Exhibit,Field,Film Studio,Fish & Chips Shop
120,"Essendon, Victoria",Electronics Store,Furniture / Home Store,Italian Restaurant,Arts & Crafts Store,Liquor Store,Fast Food Restaurant,Café,Zoo Exhibit,Film Studio,Fish & Chips Shop
121,"Eynesbury, Victoria",Forest,Zoo Exhibit,Flower Shop,Fast Food Restaurant,Field,Film Studio,Fish & Chips Shop,Fish Market,Fishing Spot,Flea Market
122,"Fairfield, Victoria",Café,Indian Restaurant,Pizza Place,Gastropub,Gourmet Shop,Theater,Park,Light Rail Station,Trail,Cocktail Bar
123,"Fawkner, Victoria",Soccer Field,Donut Shop,Thrift / Vintage Store,Park,Fast Food Restaurant,Miscellaneous Shop,Train Station,Sandwich Place,Gas Station,Grocery Store
124,"Ferntree Gully, Victoria",Café,Fast Food Restaurant,Supermarket,Paper / Office Supplies Store,Electronics Store,Health Food Store,Pet Store,Pharmacy,Shopping Mall,Gas Station
125,"Fitzroy North, Victoria",Bakery,Supermarket,Thai Restaurant,Light Rail Station,Video Store,Organic Grocery,Café,Food & Drink Shop,Food,Food Court
126,"Fitzroy, Victoria",Café,Italian Restaurant,Coffee Shop,Pizza Place,Ice Cream Shop,Gourmet Shop,Pub,Deli / Bodega,Light Rail Station,Vegetarian / Vegan Restaurant
127,"Footscray, Victoria",Light Rail Station,Restaurant,Chinese Restaurant,College Gym,Dessert Shop,Music Store,Supermarket,Café,Thai Restaurant,Grocery Store
128,"Forest Hill, Victoria",Fast Food Restaurant,Café,Grocery Store,Asian Restaurant,Sports Club,Bowling Alley,Chinese Restaurant,Supermarket,Bookstore,Park
129,"Frankston North, Victoria",Grocery Store,Café,Gas Station,Golf Course,Train Station,Sandwich Place,Fast Food Restaurant,Pizza Place,Basketball Stadium,Bus Station
130,"Frankston South, Victoria",Fast Food Restaurant,Bakery,Car Wash,Supermarket,Pharmacy,Gastropub,Fishing Spot,Field,Film Studio,Fish & Chips Shop
131,"Frankston, Victoria",Beach,Café,Fast Food Restaurant,Italian Restaurant,Department Store,Hotel Bar,Juice Bar,Convenience Store,Burger Joint,Theater
132,"Garden City, Victoria",Park,Planetarium,Science Museum,Boat or Ferry,Farmers Market,Fast Food Restaurant,Field,Film Studio,Fish & Chips Shop,Fish Market
133,"Gardenvale, Victoria",Café,Restaurant,Zoo Exhibit,Flea Market,Fast Food Restaurant,Field,Film Studio,Fish & Chips Shop,Fish Market,Fishing Spot
134,"Gladstone Park, Victoria",Italian Restaurant,Bakery,Fast Food Restaurant,Fish & Chips Shop,Grocery Store,Pizza Place,Pharmacy,Sandwich Place,Chinese Restaurant,Candy Store
135,"Glen Huntly, Victoria",Jewish Restaurant,Light Rail Station,Furniture / Home Store,Gym,Market,Physical Therapist,Playground,Farmers Market,Lawyer,Field
136,"Glen Iris, Victoria",Café,Thai Restaurant,Fast Food Restaurant,Light Rail Station,Indian Restaurant,Rental Car Location,Sandwich Place,Grocery Store,Liquor Store,Supermarket
137,"Glen Waverley, Victoria",Malay Restaurant,Pizza Place,Sri Lankan Restaurant,Park,Gym,Pharmacy,Tennis Court,Thai Restaurant,Sandwich Place,Fast Food Restaurant
138,"Glenroy, Victoria",Thrift / Vintage Store,Ice Cream Shop,Train Station,Breakfast Spot,Supermarket,Middle Eastern Restaurant,Fish & Chips Shop,Café,Vietnamese Restaurant,Restaurant
139,"Gowanbrae, Victoria",Gym / Fitness Center,Zoo Exhibit,Flea Market,Fast Food Restaurant,Field,Film Studio,Fish & Chips Shop,Fish Market,Fishing Spot,Flower Shop
140,"Grangefields, Victoria",Fast Food Restaurant,Zoo Exhibit,Flower Shop,Field,Film Studio,Fish & Chips Shop,Fish Market,Fishing Spot,Flea Market,Food
141,"Greensborough, Victoria",Furniture / Home Store,Gas Station,Church,Indian Restaurant,Flea Market,Fast Food Restaurant,Field,Film Studio,Fish & Chips Shop,Fish Market
142,"Greenvale, Victoria",Park,Zoo Exhibit,Flower Shop,Field,Film Studio,Fish & Chips Shop,Fish Market,Fishing Spot,Flea Market,Food
143,HMAS Cerberus (naval base),History Museum,Food,Light Rail Station,Zoo Exhibit,Flea Market,Fast Food Restaurant,Field,Film Studio,Fish & Chips Shop,Fish Market
144,"Hallam, Victoria",Italian Restaurant,Playground,Fast Food Restaurant,Grocery Store,Gym,Romanian Restaurant,Fried Chicken Joint,Pub,Indian Restaurant,Dive Bar
145,"Hampton East, Victoria",Park,Café,Sports Club,Track,Convenience Store,Playground,Sandwich Place,Basketball Court,Fast Food Restaurant,Field
146,"Hampton Park, Victoria",Racetrack,Café,Train Station,Business Service,Football Stadium,Fishing Spot,Fast Food Restaurant,Field,French Restaurant,Film Studio
147,"Hampton, Victoria",Café,Pizza Place,Beach,Japanese Restaurant,Spanish Restaurant,Supermarket,Fast Food Restaurant,Gym,Sandwich Place,Coffee Shop
148,"Hastings, Victoria",Fast Food Restaurant,Grocery Store,Café,Department Store,Pub,Forest,Football Stadium,Food Truck,Food Court,Food & Drink Shop
149,"Hawthorn East, Victoria",Café,Breakfast Spot,Bar,Park,Pub,Forest,Football Stadium,Food Truck,Food Court,Food & Drink Shop
150,"Hawthorn, Victoria",Café,Japanese Restaurant,Burger Joint,Italian Restaurant,Malay Restaurant,Breakfast Spot,Mexican Restaurant,Vietnamese Restaurant,Sushi Restaurant,Thai Restaurant
151,"Heatherton, Victoria",Fast Food Restaurant,Greek Restaurant,Grocery Store,Portuguese Restaurant,Gym,Park,Tennis Court,Arts & Entertainment,Restaurant,Pet Store
152,"Heathmont, Victoria",Coffee Shop,Café,Gastropub,Supermarket,Restaurant,Mexican Restaurant,Greek Restaurant,Big Box Store,Gym / Fitness Center,Paper / Office Supplies Store
153,"Heidelberg Heights, Victoria",Bakery,Fried Chicken Joint,Recreation Center,Brewery,Convenience Store,Fish & Chips Shop,Home Service,Flea Market,Field,Film Studio
154,"Heidelberg West, Victoria",Coffee Shop,Fast Food Restaurant,Electronics Store,Japanese Restaurant,Department Store,Supermarket,Chinese Restaurant,Malay Restaurant,Mexican Restaurant,Big Box Store
155,"Heidelberg, Victoria",Shopping Mall,Middle Eastern Restaurant,Supermarket,Playground,Bookstore,Pizza Place,Café,Flea Market,Field,Film Studio
156,"Hillside, Victoria",Fish & Chips Shop,Noodle House,BBQ Joint,Beer Garden,Playground,Home Service,Zoo Exhibit,Flea Market,Field,Film Studio
157,"Hoppers Crossing, Victoria",Fast Food Restaurant,Supermarket,Café,Department Store,Portuguese Restaurant,Gas Station,Coffee Shop,Sandwich Place,Big Box Store,Bar
158,"Hughesdale, Victoria",Café,Clothing Store,Coffee Shop,Fast Food Restaurant,Boutique,Dessert Shop,Supermarket,Sushi Restaurant,Electronics Store,Asian Restaurant
159,"Huntingdale, Victoria",Café,Greek Restaurant,Supermarket,Eastern European Restaurant,Donut Shop,Coffee Shop,Australian Restaurant,Sandwich Place,Asian Restaurant,Convenience Store
160,"Hurstbridge, Victoria",Café,Train Station,Grocery Store,Pizza Place,Zoo Exhibit,Fast Food Restaurant,Field,Film Studio,Fish & Chips Shop,Fish Market
161,"Ivanhoe East, Victoria",Café,Portuguese Restaurant,Restaurant,Steakhouse,Supermarket,Grocery Store,Gym,Performing Arts Venue,Train Station,Coffee Shop
162,"Ivanhoe, Victoria",Restaurant,Bar,Supermarket,Electronics Store,Shopping Mall,Fast Food Restaurant,Market,Sandwich Place,Pharmacy,Coffee Shop
163,"Jacana, Victoria",Park,Bus Stop,Seafood Restaurant,Athletics & Sports,Night Market,Flea Market,Fast Food Restaurant,Field,Film Studio,Fish & Chips Shop
164,"Junction Village, Victoria",Fast Food Restaurant,Grocery Store,Gastropub,Basketball Court,Shopping Mall,Café,Sports Bar,Stadium,Department Store,Food Court
165,"Kealba, Victoria",Park,Mexican Restaurant,Soccer Field,Pizza Place,Zoo Exhibit,Fast Food Restaurant,Field,Film Studio,Fish & Chips Shop,Fish Market
166,"Keilor Downs, Victoria",Park,Gym,Bookstore,Dog Run,Flower Shop,Field,Film Studio,Fish & Chips Shop,Fish Market,Fishing Spot
167,"Keilor East, Victoria",Music Venue,Road,Food & Drink Shop,Café,Zoo Exhibit,Flea Market,Field,Film Studio,Fish & Chips Shop,Fish Market
168,"Keilor Lodge, Victoria",Golf Course,Soccer Field,Scenic Lookout,Business Service,Tea Room,Fishing Spot,Fast Food Restaurant,Field,Film Studio,Fish & Chips Shop
169,"Keilor Park, Victoria",Basketball Court,Gas Station,Gym,Fast Food Restaurant,Construction & Landscaping,Restaurant,Café,Sandwich Place,Motorcycle Shop,Coffee Shop
170,"Keilor, Victoria",Music Venue,Martial Arts Dojo,Sculpture Garden,Lake,Zoo Exhibit,Flea Market,Fast Food Restaurant,Field,Film Studio,Fish & Chips Shop
171,"Kew East, Victoria",Golf Course,Playground,Park,Farm,Fast Food Restaurant,Field,Film Studio,Fish & Chips Shop,Fish Market,Fishing Spot
172,"Kew, Victoria",Café,Hotel,Chinese Restaurant,Italian Restaurant,Park,Grocery Store,Thai Restaurant,Light Rail Station,Fast Food Restaurant,Liquor Store
173,"Keysborough, Victoria",Athletics & Sports,Supermarket,Indian Restaurant,Soccer Field,Flea Market,Fast Food Restaurant,Field,Film Studio,Fish & Chips Shop,Fish Market
174,"Kilsyth South, Victoria",Athletics & Sports,Fast Food Restaurant,Business Service,Convenience Store,Gym,Basketball Court,Food Court,Food Truck,Football Stadium,Food & Drink Shop
175,"Kilsyth, Victoria",Supermarket,Golf Course,Department Store,Bakery,Portuguese Restaurant,Gas Station,Liquor Store,Zoo Exhibit,Field,Film Studio
176,"Kings Park, Victoria",Bus Station,Bus Stop,Playground,Zoo Exhibit,Flower Shop,Field,Film Studio,Fish & Chips Shop,Fish Market,Fishing Spot
177,"Kingsbury, Victoria",Furniture / Home Store,Farm,Gas Station,Gym / Fitness Center,Electronics Store,Café,Flea Market,Film Studio,Fish & Chips Shop,Fish Market
178,"Kingsville, Victoria",Café,Park,Cupcake Shop,Art Gallery,Zoo Exhibit,Field,Film Studio,Fish & Chips Shop,Fish Market,Fishing Spot
179,"Lalor, Victoria",Grocery Store,Middle Eastern Restaurant,Supermarket,Train Station,Asian Restaurant,Zoo Exhibit,Flea Market,Field,Film Studio,Fish & Chips Shop
180,"Langwarrin, Victoria",Fast Food Restaurant,Pizza Place,Chinese Restaurant,Café,Multiplex,Liquor Store,Department Store,Playground,Convenience Store,Restaurant
181,"Laverton North, Victoria",Café,Miscellaneous Shop,Business Service,Zoo Exhibit,Film Studio,Fish & Chips Shop,Fish Market,Fishing Spot,Flea Market,Flower Shop
182,"Laverton, Victoria",Athletics & Sports,Supermarket,Playground,Thrift / Vintage Store,Forest,Flea Market,Fast Food Restaurant,Field,Film Studio,Fish & Chips Shop
183,"Lilydale, Victoria",Fast Food Restaurant,Shopping Mall,Café,Supermarket,Breakfast Spot,Basketball Court,Portuguese Restaurant,Convenience Store,Sandwich Place,Fish & Chips Shop
184,"Lower Plenty, Victoria",Park,Pub,Food & Drink Shop,Golf Course,Zoo Exhibit,Fishing Spot,Fast Food Restaurant,Field,Film Studio,Fish & Chips Shop
185,"Lynbrook, Victoria",Chinese Restaurant,Hotel,Liquor Store,Park,Fast Food Restaurant,Gas Station,Australian Restaurant,Supermarket,Café,Train Station
186,"Lyndhurst, Victoria",Accessories Store,Café,Pet Store,Train,Gym,Fast Food Restaurant,Field,Film Studio,Fish & Chips Shop,Fish Market
187,"Macleod, Victoria",Park,Supermarket,Thai Restaurant,Paper / Office Supplies Store,Pizza Place,Fishing Spot,Farmers Market,Fast Food Restaurant,Field,Film Studio
188,"Maidstone, Victoria",Park,Fast Food Restaurant,Supermarket,Other Great Outdoors,Café,Sports Club,Doctor's Office,Flower Shop,Fish & Chips Shop,Fish Market
189,"Malvern East, Victoria",Café,Light Rail Station,Pizza Place,Malay Restaurant,Park,Food Court,Food & Drink Shop,Food,Flower Shop,Flea Market
190,"Malvern, Victoria",Café,Light Rail Station,Japanese Restaurant,Liquor Store,Coffee Shop,Italian Restaurant,Park,Outdoor Supply Store,Gym,Grocery Store
191,"Manor Lakes, Victoria",Hostel,Business Service,Zoo Exhibit,Flea Market,Fast Food Restaurant,Field,Film Studio,Fish & Chips Shop,Fish Market,Fishing Spot
192,"Maribyrnong, Victoria",Mexican Restaurant,Light Rail Station,Arts & Crafts Store,Coffee Shop,Candy Store,Paper / Office Supplies Store,Vietnamese Restaurant,Café,Bowling Alley,Furniture / Home Store
193,"McKinnon, Victoria",Burger Joint,Café,Liquor Store,Coffee Shop,Sushi Restaurant,Grocery Store,Tapas Restaurant,Bar,Bakery,Sandwich Place
194,"Melbourne Airport, Victoria",Scenic Lookout,Bakery,Golf Course,Forest,Fishing Spot,Fast Food Restaurant,Field,Film Studio,Fish & Chips Shop,French Restaurant
195,"Melton South, Victoria",Fast Food Restaurant,Supermarket,Bus Station,Pizza Place,Flower Shop,Field,Film Studio,Fish & Chips Shop,Fish Market,Fishing Spot
196,"Melton West, Victoria",Sports Club,Skate Park,Photography Studio,Zoo Exhibit,Fishing Spot,Fast Food Restaurant,Field,Film Studio,Fish & Chips Shop,Fish Market
197,"Melton, Victoria",Pizza Place,Pub,Gym,Soccer Field,Sandwich Place,Grocery Store,Diner,Cosmetics Shop,Gym / Fitness Center,Restaurant
198,"Melton, Victoria (suburb)",Fast Food Restaurant,Event Service,Zoo Exhibit,Farm,Field,Film Studio,Fish & Chips Shop,Fish Market,Fishing Spot,Flea Market
199,Mernda,Bakery,Train Station,Supermarket,Fish & Chips Shop,Bar,Flea Market,Fast Food Restaurant,Field,Film Studio,Fish Market
200,"Middle Park, Victoria",Café,Beach,Italian Restaurant,Breakfast Spot,Deli / Bodega,Ice Cream Shop,Hotel Bar,Light Rail Station,Fishing Spot,Pier
201,"Mill Park, Victoria",Pizza Place,Office,Grocery Store,Shopping Mall,Fish & Chips Shop,Pharmacy,Café,Basketball Court,Gym,Convenience Store
202,"Mitcham, Victoria",Café,Shopping Mall,Pizza Place,Japanese Restaurant,Electronics Store,Fast Food Restaurant,Gym,Grocery Store,Arts & Crafts Store,Furniture / Home Store
203,"Monbulk, Victoria",Australian Restaurant,Garden Center,Pharmacy,Coffee Shop,Zoo Exhibit,Field,Film Studio,Fish & Chips Shop,Fish Market,Fishing Spot
204,"Montmorency, Victoria",Café,Supermarket,Chinese Restaurant,Bakery,Thai Restaurant,Train Station,Construction & Landscaping,Basketball Court,Pub,Burger Joint
205,"Montrose, Victoria",Park,Garden,Pizza Place,Café,Fishing Spot,Fast Food Restaurant,Field,Film Studio,Fish & Chips Shop,Fish Market
206,"Moonee Ponds, Victoria",Café,Light Rail Station,Pub,Gym / Fitness Center,Convenience Store,Breakfast Spot,Train Station,Sporting Goods Shop,Sports Club,Steakhouse
207,Moorabbin Airport,Golf Course,Kitchen Supply Store,Convenience Store,Athletics & Sports,Zoo Exhibit,Field,Film Studio,Fish & Chips Shop,Fish Market,Fishing Spot
208,"Moorabbin, Victoria",Café,Sandwich Place,Furniture / Home Store,Sports Club,Italian Restaurant,Thai Restaurant,Bakery,Korean Restaurant,Hotel,Liquor Store
209,"Moorooduc, Victoria",Farm,Farmers Market,Café,Garden,Discount Store,Food,Fish & Chips Shop,Fish Market,Fishing Spot,Dim Sum Restaurant
210,"Mooroolbark, Victoria",Baseball Field,Dog Run,Sandwich Place,Flower Shop,Fast Food Restaurant,Field,Film Studio,Fish & Chips Shop,Fish Market,Fishing Spot
211,"Mordialloc, Victoria",Café,Gift Shop,Bakery,Shopping Mall,Supermarket,Sandwich Place,Field,Film Studio,Fish & Chips Shop,Fish Market
212,"Mornington, Victoria",Café,Shopping Mall,Gastropub,Beach,Fast Food Restaurant,Italian Restaurant,Coffee Shop,Paper / Office Supplies Store,Portuguese Restaurant,Big Box Store
213,"Mount Eliza, Victoria",Middle Eastern Restaurant,Miscellaneous Shop,Italian Restaurant,Grocery Store,Bakery,Gas Station,Convenience Store,Restaurant,Supermarket,Australian Restaurant
214,"Mount Evelyn, Victoria",Park,Construction & Landscaping,Sports Club,Fast Food Restaurant,Trail,Gas Station,Pizza Place,Steakhouse,Food Court,Food Truck
215,"Mount Martha, Victoria",Café,Beach,Breakfast Spot,Scenic Lookout,Grocery Store,Bistro,Australian Restaurant,Food Court,Food Truck,Football Stadium
216,"Mount Waverley, Victoria",Park,Sports Club,Café,Golf Course,Fishing Spot,Fast Food Restaurant,Field,Film Studio,Fish & Chips Shop,Fish Market
217,"Mulgrave, Victoria",Café,Fast Food Restaurant,Electronics Store,Park,Indonesian Restaurant,Gas Station,Asian Restaurant,Chinese Restaurant,Field,Film Studio
218,"Murrumbeena, Victoria",Breakfast Spot,Park,Café,Bus Stop,Thai Restaurant,Fish & Chips Shop,Bakery,Chinese Restaurant,Dumpling Restaurant,Food & Drink Shop
219,"Narre Warren North, Victoria",Bike Shop,Park,Grocery Store,Lake,Flower Shop,Field,Film Studio,Fish & Chips Shop,Fish Market,Fishing Spot
220,"Narre Warren South, Victoria",Bakery,Video Store,Supermarket,Indian Restaurant,Grocery Store,Farmers Market,Fast Food Restaurant,Field,Film Studio,Fish & Chips Shop
221,"Narre Warren, Victoria",Fast Food Restaurant,Café,Electronics Store,Department Store,Grocery Store,Movie Theater,Sandwich Place,Portuguese Restaurant,Supermarket,Thai Restaurant
222,"Newport, Victoria",Bakery,Café,Convenience Store,Pub,Gas Station,Train Station,Breakfast Spot,Brewery,Post Office,Food
223,"Niddrie, Victoria",Café,Italian Restaurant,Baby Store,Thai Restaurant,Turkish Restaurant,Automotive Shop,Fishing Spot,Field,Film Studio,Fish & Chips Shop
224,"Noble Park North, Victoria",Supermarket,Café,Accessories Store,Fast Food Restaurant,Sushi Restaurant,Spa,Fish & Chips Shop,Shopping Mall,Sandwich Place,Gym
225,"Noble Park, Victoria",Indonesian Restaurant,Supermarket,Bakery,Thai Restaurant,Middle Eastern Restaurant,Sandwich Place,Vietnamese Restaurant,Smoke Shop,Gas Station,Convenience Store
226,"North Warrandyte, Victoria",Mountain,Zoo Exhibit,Food,Field,Film Studio,Fish & Chips Shop,Fish Market,Fishing Spot,Flea Market,Flower Shop
227,"Northcote, Victoria",Café,Light Rail Station,Park,Soccer Field,Gym,Bike Rental / Bike Share,Coffee Shop,Supermarket,Community Center,River
228,"Notting Hill, Victoria",Café,Asian Restaurant,Sandwich Place,Chinese Restaurant,Athletics & Sports,Bakery,Malay Restaurant,Supermarket,Convenience Store,Pizza Place
229,"Nunawading, Victoria",Gym / Fitness Center,Paper / Office Supplies Store,Furniture / Home Store,Shopping Mall,Malay Restaurant,Sandwich Place,Café,Rock Climbing Spot,Sushi Restaurant,Pharmacy
230,"Oak Park, Victoria",Café,Sports Club,Supermarket,Gym / Fitness Center,Fast Food Restaurant,Football Stadium,Food Truck,Food Court,Food & Drink Shop,Food
231,"Oaklands Junction, Victoria",Winery,Dog Run,Farm,Zoo Exhibit,Flower Shop,Fast Food Restaurant,Field,Film Studio,Fish & Chips Shop,Fish Market
232,"Oakleigh East, Victoria",Baseball Field,Ski Area,Market,Spa,Convenience Store,Bus Station,Playground,Zoo Exhibit,Fast Food Restaurant,Field
233,"Oakleigh South, Victoria",Shopping Mall,Café,Supermarket,Convenience Store,Pharmacy,Bus Station,Fast Food Restaurant,Field,Film Studio,Fish & Chips Shop
234,"Oakleigh, Victoria",Bakery,Pizza Place,Paintball Field,BBQ Joint,Other Repair Shop,Soccer Field,Field,Film Studio,Fish & Chips Shop,Fish Market
235,"Officer, Victoria",Vineyard,Paper / Office Supplies Store,Gas Station,Café,Flea Market,Field,Film Studio,Fish & Chips Shop,Fish Market,Fishing Spot
236,"Olinda, Victoria",Café,Australian Restaurant,Pub,Toy / Game Store,Tea Room,Resort,Candy Store,Coffee Shop,Garden,Hotel
237,"Pakenham, Victoria",Supermarket,Fast Food Restaurant,Café,Chinese Restaurant,Shopping Mall,Market,Big Box Store,Bar,Bakery,Sandwich Place
238,"Park Orchards, Victoria",Stadium,Organic Grocery,Flower Shop,Fast Food Restaurant,Field,Film Studio,Fish & Chips Shop,Fish Market,Fishing Spot,Flea Market
239,"Pascoe Vale South, Victoria",Café,Pizza Place,Pub,Bakery,Supermarket,Asian Restaurant,Australian Restaurant,Train Station,Electronics Store,Flea Market
240,"Pascoe Vale, Victoria",Chocolate Shop,Park,Paper / Office Supplies Store,Convenience Store,Café,Zoo Exhibit,Fishing Spot,Field,Film Studio,Fish & Chips Shop
241,"Patterson Lakes, Victoria",Beach,Deli / Bodega,Train Station,BBQ Joint,River,Fishing Spot,Fast Food Restaurant,Field,Film Studio,Fish & Chips Shop
242,"Pearcedale, Victoria",Zoo Exhibit,Café,Grocery Store,Zoo,American Restaurant,Food & Drink Shop,Film Studio,Fish & Chips Shop,Fish Market,Fishing Spot
243,"Point Cook, Victoria",Fast Food Restaurant,Bar,Department Store,Restaurant,Supermarket,Café,Shopping Mall,Malay Restaurant,Sandwich Place,Coffee Shop
244,"Port Melbourne, Victoria",Pub,Coffee Shop,Food Truck,Gym,Park,Bar,Performing Arts Venue,Wine Shop,Doctor's Office,Flea Market
245,"Portsea, Victoria",Pub,Beach,Scenic Lookout,Resort,Campground,Coffee Shop,Fish Market,Fast Food Restaurant,Field,Film Studio
246,"Preston, Victoria",Chinese Restaurant,Café,Food Truck,Train Station,Pizza Place,Vietnamese Restaurant,Bakery,Bus Stop,Noodle House,Supermarket
247,"Princes Hill, Victoria",Zoo Exhibit,Food Truck,Flower Shop,Fast Food Restaurant,Field,Film Studio,Fish & Chips Shop,Fish Market,Fishing Spot,Flea Market
248,"Research, Victoria",Chinese Restaurant,Hotel,Film Studio,Convenience Store,Restaurant,Fish & Chips Shop,Café,Farmers Market,Fast Food Restaurant,Field
249,"Reservoir, Victoria",Train Station,Café,Gas Station,Bus Station,Kids Store,Food & Drink Shop,Sandwich Place,Park,Liquor Store,Fish Market
250,"Ringwood East, Victoria",Café,Pizza Place,Grocery Store,Shopping Mall,Train Station,Fish & Chips Shop,Coffee Shop,Park,Food & Drink Shop,Seafood Restaurant
251,"Rosanna, Victoria",Malay Restaurant,Thai Restaurant,Asian Restaurant,Park,Café,Zoo Exhibit,Flea Market,Field,Film Studio,Fish & Chips Shop
252,"Rowville, Victoria",Park,Electronics Store,Miscellaneous Shop,Dessert Shop,Playground,Fish Market,Fast Food Restaurant,Field,French Restaurant,Film Studio
253,"Roxburgh Park, Victoria",Jewelry Store,Park,Nightlife Spot,Bus Station,Food & Drink Shop,Health & Beauty Service,Dog Run,Dive Bar,Fish & Chips Shop,Fish Market
254,"Safety Beach, Victoria",Boat or Ferry,Grocery Store,Park,Gourmet Shop,Golf Course,Pharmacy,Motel,Campground,Beach,Restaurant
255,"Sandhurst, Victoria",Golf Course,Home Service,Zoo Exhibit,Farm,Fast Food Restaurant,Field,Film Studio,Fish & Chips Shop,Fish Market,Fishing Spot
256,"Sandringham, Victoria",Café,Park,Supermarket,Beach,Fast Food Restaurant,Seafood Restaurant,Harbor / Marina,Bakery,Liquor Store,Other Nightlife
257,"Seabrook, Victoria",Café,Indoor Play Area,Train Station,Pet Store,Restaurant,Sandwich Place,Fast Food Restaurant,Shopping Mall,Supermarket,Thai Restaurant
258,"Seaford, Victoria",Fish & Chips Shop,Grocery Store,Beach,Pub,Spanish Restaurant,Park,Supermarket,Thai Restaurant,Farmers Market,Café
259,"Seaholme, Victoria",Bar,Beach,Train Station,Lake,Soccer Field,Café,Fish & Chips Shop,Gym,Park,Pizza Place
260,"Skye, Victoria",Supermarket,Fried Chicken Joint,Portuguese Restaurant,Pharmacy,Shopping Mall,Fast Food Restaurant,Department Store,Hungarian Restaurant,Food Truck,Exhibit
261,"Somerton, Victoria",Gym,Food & Drink Shop,Zoo Exhibit,Flea Market,Fast Food Restaurant,Field,Film Studio,Fish & Chips Shop,Fish Market,Fishing Spot
262,"Somerville, Victoria",Supermarket,Gym / Fitness Center,Big Box Store,Gym,Grocery Store,Thai Restaurant,Train Station,Fast Food Restaurant,Field,Film Studio
263,"Sorrento, Victoria",Café,Beach,Park,Restaurant,Boat or Ferry,Grocery Store,Harbor / Marina,Bakery,Shopping Mall,Seafood Restaurant
264,"South Kingsville, Victoria",Park,Pizza Place,Fast Food Restaurant,Bowling Green,Café,Fish & Chips Shop,Shopping Mall,Sports Club,Convenience Store,Donut Shop
265,"South Wharf, Victoria",Café,Zoo Exhibit,Flower Shop,Field,Film Studio,Fish & Chips Shop,Fish Market,Fishing Spot,Flea Market,Food
266,"South Yarra, Victoria",Café,Italian Restaurant,Hotel,Australian Restaurant,Park,French Restaurant,Japanese Restaurant,Convenience Store,Vietnamese Restaurant,Bakery
267,"Springvale South, Victoria",Health & Beauty Service,Asian Restaurant,Pub,Burger Joint,Food & Drink Shop,Park,Vietnamese Restaurant,Buddhist Temple,Convenience Store,Donut Shop
268,"Springvale, Victoria",Furniture / Home Store,Fast Food Restaurant,Electronics Store,Bakery,Indian Restaurant,Middle Eastern Restaurant,Thrift / Vintage Store,Grocery Store,Lingerie Store,Taco Place
269,"St Albans, Victoria",Playground,Train Station,Construction & Landscaping,General College & University,Flea Market,Fast Food Restaurant,Field,Film Studio,Fish & Chips Shop,Fish Market
270,"St Andrews Beach, Victoria",Park,Beach,Construction & Landscaping,Hot Spring,Golf Course,Flea Market,Field,Film Studio,Fish & Chips Shop,Fish Market
271,"St Kilda East, Victoria",Hotel,Zoo Exhibit,Falafel Restaurant,Farmers Market,Fast Food Restaurant,Field,Film Studio,Fish & Chips Shop,Fish Market,Fishing Spot
272,"Strathmore, Victoria",Clothing Store,Bakery,Café,Seafood Restaurant,Deli / Bodega,Thai Restaurant,Grocery Store,Furniture / Home Store,Fast Food Restaurant,Sandwich Place
273,"Sunbury, Victoria",Fast Food Restaurant,Department Store,Supermarket,Health & Beauty Service,Big Box Store,Sandwich Place,Café,Grocery Store,Gas Station,Movie Theater
274,"Sunshine North, Victoria",Pub,Construction & Landscaping,Automotive Shop,Pizza Place,Business Service,Recreation Center,Cupcake Shop,Football Stadium,Forest,Fast Food Restaurant
275,"Sunshine, Victoria",Italian Restaurant,Bakery,Pub,Convenience Store,Pizza Place,Café,Gas Station,General Entertainment,Racetrack,Hotel Pool
276,"Surrey Hills, Victoria",Café,Burger Joint,Thai Restaurant,Bakery,Korean Restaurant,Greek Restaurant,Fish & Chips Shop,Pharmacy,Light Rail Station,Train Station
277,"Sydenham, Victoria",Gym,Pizza Place,Toy / Game Store,Pet Store,Electronics Store,Asian Restaurant,Park,Zoo Exhibit,Farmers Market,Fast Food Restaurant
278,"Tarneit, Victoria",Pharmacy,Sculpture Garden,Playground,Zoo Exhibit,Fishing Spot,Farmers Market,Fast Food Restaurant,Field,Film Studio,Fish & Chips Shop
279,"Taylors Hill, Victoria",Italian Restaurant,Park,Auto Garage,Zoo Exhibit,Flea Market,Fast Food Restaurant,Field,Film Studio,Fish & Chips Shop,Fish Market
280,"Taylors Lakes, Victoria",Fast Food Restaurant,Café,Shopping Mall,Supermarket,Steakhouse,Burger Joint,Liquor Store,Electronics Store,Greek Restaurant,Movie Theater
281,"Tecoma, Victoria",Bakery,Grocery Store,Convenience Store,Supermarket,Train Station,Asian Restaurant,Restaurant,Café,Flea Market,Field
282,"Templestowe Lower, Victoria",Golf Course,Greek Restaurant,Other Repair Shop,Zoo Exhibit,Field,Film Studio,Fish & Chips Shop,Fish Market,Fishing Spot,Flea Market
283,"Templestowe, Victoria",Café,Park,Italian Restaurant,Convenience Store,Thai Restaurant,Mexican Restaurant,Bakery,Grocery Store,Restaurant,Mediterranean Restaurant
284,"The Basin, Victoria",Shopping Mall,Park,Grocery Store,Café,Fried Chicken Joint,Fast Food Restaurant,Field,Film Studio,Fish & Chips Shop,Fish Market
285,"The Patch, Victoria",Park,Café,Gym / Fitness Center,Zoo Exhibit,Frozen Yogurt Shop,Field,Film Studio,Fish & Chips Shop,Fish Market,Fishing Spot
286,"Thornbury, Victoria",Café,Bar,Australian Restaurant,Light Rail Station,Italian Restaurant,Burger Joint,Pub,Theater,Bakery,Gym / Fitness Center
287,"Toorak, Victoria",Platform,Train Station,Restaurant,Golf Course,Fishing Spot,Farmers Market,Fast Food Restaurant,Field,Film Studio,Fish & Chips Shop
288,"Tottenham, Victoria",Badminton Court,Zoo Exhibit,Farm,Fast Food Restaurant,Field,Film Studio,Fish & Chips Shop,Fish Market,Fishing Spot,Flea Market
289,"Travancore, Victoria",Park,Greek Restaurant,Electronics Store,Seafood Restaurant,Burger Joint,Malay Restaurant,Clothing Store,Performing Arts Venue,Coffee Shop,Light Rail Station
290,"Truganina, Victoria",Brewery,Gas Station,Home Service,Hardware Store,Fishing Spot,Farmers Market,Fast Food Restaurant,Field,Film Studio,Fish & Chips Shop
291,"Tullamarine, Victoria",Rental Car Location,Portuguese Restaurant,Fish & Chips Shop,Zoo Exhibit,Flea Market,Farmers Market,Fast Food Restaurant,Field,Film Studio,Fish Market
292,"Tyabb, Victoria",Airport,Antique Shop,Event Service,Grocery Store,Train Station,Fish & Chips Shop,Pizza Place,Zoo Exhibit,Fishing Spot,Field
293,"Upper Ferntree Gully, Victoria",Train Station,Supermarket,Café,Italian Restaurant,Pizza Place,Fast Food Restaurant,Fish & Chips Shop,Sandwich Place,Pharmacy,Grocery Store
294,"Upwey, Victoria",Scenic Lookout,Zoo Exhibit,Falafel Restaurant,Farmers Market,Fast Food Restaurant,Field,Film Studio,Fish & Chips Shop,Fish Market,Fishing Spot
295,"Vermont South, Victoria",Light Rail Station,Office,Italian Restaurant,Pub,Doctor's Office,Convenience Store,Coffee Shop,Pharmacy,Café,Basketball Court
296,"Vermont, Victoria",Athletics & Sports,Café,Bakery,Supermarket,Pharmacy,Asian Restaurant,Seafood Restaurant,Zoo Exhibit,Flea Market,Field
297,"Wantirna South, Victoria",Chinese Restaurant,Pizza Place,Fried Chicken Joint,Trail,Farmers Market,Fast Food Restaurant,Convenience Store,Cheese Shop,Field,Film Studio
298,"Wantirna, Victoria",Massage Studio,Chinese Restaurant,Pet Store,Train Station,Liquor Store,Basketball Court,Bus Station,Bus Line,Food Truck,Food Court
299,"Warrandyte, Victoria",Café,Pub,Dog Run,Candy Store,Farmers Market,River,Bakery,Doctor's Office,Field,Forest
300,"Warranwood, Victoria",Farm,Wedding Hall,Bakery,Flower Shop,Fast Food Restaurant,Field,Film Studio,Fish & Chips Shop,Fish Market,Fishing Spot
301,"Wattle Glen, Victoria",Business Service,Zoo Exhibit,Field,Film Studio,Fish & Chips Shop,Fish Market,Fishing Spot,Flea Market,Flower Shop,Food
302,"Weir Views, Victoria",Athletics & Sports,Donut Shop,Park,Furniture / Home Store,Forest,Flea Market,Fried Chicken Joint,Field,Film Studio,Fish & Chips Shop
303,"Werribee South, Victoria",Café,Restaurant,Bed & Breakfast,Monument / Landmark,Spa,Zoo,Stables,Garden,Garden Center,Park
304,"Werribee, Victoria",Café,Asian Restaurant,Fast Food Restaurant,Pub,Malay Restaurant,Sandwich Place,Coffee Shop,Bar,Gym,Paper / Office Supplies Store
305,"West Footscray, Victoria",Park,Cupcake Shop,Construction & Landscaping,Café,Zoo Exhibit,Flea Market,Field,Film Studio,Fish & Chips Shop,Fish Market
306,"West Melbourne, Victoria",Park,Flea Market,Rental Car Location,Gym,Fishing Spot,Fast Food Restaurant,Field,Film Studio,Fish & Chips Shop,Fish Market
307,"Westmeadows, Victoria",Hotel,Park,Restaurant,Motel,Zoo Exhibit,Fast Food Restaurant,Field,Film Studio,Fish & Chips Shop,Fish Market
308,"Wheelers Hill, Victoria",Chinese Restaurant,Hotel,Café,Japanese Restaurant,Malay Restaurant,Thai Restaurant,Shopping Mall,Korean Restaurant,Noodle House,Dessert Shop
309,Williams Landing,Fast Food Restaurant,Café,Flower Shop,Field,Film Studio,Fish & Chips Shop,Fish Market,Fishing Spot,Flea Market,Zoo Exhibit
310,"Wollert, Victoria",Furniture / Home Store,Flower Shop,Fast Food Restaurant,Field,Film Studio,Fish & Chips Shop,Fish Market,Fishing Spot,Flea Market,Food
311,Wyndham Vale,Supermarket,Fast Food Restaurant,Department Store,Train Station,Café,Shopping Mall,Grocery Store,Thai Restaurant,Sandwich Place,Liquor Store
